Episode,Totle Timestep,Total Score
1,5,4453.3831787109375
2,6,5490.30908203125
3,340,401288.8232421875
4,6001,6553861.063964844
5,6001,6346148.767150879
6,6001,6419960.100891113
7,6001,6461917.778137207
