Episode,Totle Timestep,Total Score
1,11,7766.7994384765625
2,119,108299.0365600586
3,3,1470.79638671875
4,804,633274.2125244141
5,513,413060.3109741211
6,1272,953857.1837158203
